Acc_X,Acc_Y,Acc_Z,Gyro_X,Gyro_Y,Gyro_Z,
1.33,9.9,13.85,-5.11,-12.78,-7.95,17.07634036
-1.3,8.98,14.28,-3.69,11,12.47,16.91888885
1.37,9.5,14.18,-9.4,3.66,-2.09,17.12306339
-0.41,8.7,15.41,7.6,17.27,-24.49,17.70102257
2.01,6.54,15.04,20.84,36.23,47.71,16.52311411
1.15,-18.5,-4.68,-164.88,95.37,-18.53,19.11739784
9.81,3.83,12.22,-15.18,-10.31,12.02,16.1317513
8.64,2.7,11.52,-0.66,-23.1,12.63,14.65093854
